district,name,latitude,longitude
Phra Nakhon District,โรงเรียนวัดราชนัดดาราม,13.7554133,100.503825
Phra Nakhon District,Baanchao Yoga,13.7632303,100.4947978
Phra Nakhon District,Phra Nakhon District school 1,13.7510215,100.5020515
Phra Nakhon District,โรงเรียนวัดใหม่อมตรส,13.764855,100.5014988
Phra Nakhon District,Phra Nakhon District school 2,13.7542865,100.4987897
Phra Nakhon District,โรงเรียนพระปริยัติธรรม หอติสสเทวาภิธาน,13.7490585,100.5002613
Phra Nakhon District,โรงเรียนมัธยมวัดมกุฎกษัตริย์,13.7642131,100.5079095
Phra Nakhon District,Kumon,13.7626913,100.4968998
Phra Nakhon District,โรงเรียนวัดสังเวช,13.7639615,100.4971553
Phra Nakhon District,สถาบันบัณฑิตพัฒนศิลป์,13.7595937,100.4915173
Phra Nakhon District,โรงเรียนราชินี,13.7426308,100.4937753
Phra Nakhon District,โรงเรียนวัดราชบพิธ,13.744293,100.4953136
Phra Nakhon District,โรงเรียนสวนกุหลาบวิทยาลัย,13.7428698,100.497977
Phra Nakhon District,โรงเรียนสตรีวรนาถ,13.7671813,100.5044099
Phra Nakhon District,โรงเรียนสตรีวิทยา,13.7578933,100.5011406
Phra Nakhon District,โรงเรียนวัดบวรนิเวศ,13.7588647,100.5017198
Phra Nakhon District,โรงเรียนวัดสุทัศน์,13.7489293,100.5013191
Phra Nakhon District,มหาวิทยาลัยธรรมศาสตร์ ท่าพระจันทร์,13.7576153,100.4906765
Phra Nakhon District,มหาวิทยาลัยศิลปากร วังท่าพระ,13.7530631,100.4903499
Phra Nakhon District,มหาวิทยาลัยมหามกุฏราชวิทยาลัย,13.7595714,100.5007333
Samphanthawong District,โรงเรียนวัดสัมพันธวงศ์,13.7383279,100.5095732
Samphanthawong District,โรงเรียนเผยอิง,13.7392764,100.5070383
Samphanthawong District,โรงเรียนวัดปทุมคงคา,13.7369043,100.5109768
Samphanthawong District,โรงเรียนวัดจักรวรรดิ,13.7428389,100.5038092
Samphanthawong District,โรงเรียนกุหลาบวิทยา,13.7314723,100.5130895
Samphanthawong District,โรงเรียนไตรมิตรวิทยาลัย,13.7387255,100.5139626
Samphanthawong District,โรงเรียนมหาวีรานุวัตร,13.7381829,100.5142848
Samphanthawong District,โรงเรียนวัดชัยชนะสงคราม,13.743998,100.5058267
Samphanthawong District,มหาวิทยาลัยเทคโนโลยีราชมงคลรัตนโกสินทร์ พื้นที่บพิตรพิมุข จักรวรรดิ,13.7421741,100.5021924
Pom Prap Sattru Phai District,โรงเรียนวัดสิตาราม,13.7553949,100.5100181
Pom Prap Sattru Phai District,โรงเรียนวัดดิสานุการาม,13.7490242,100.5080412
Pom Prap Sattru Phai District,โรงเรียนวัดคณิกาผล,13.7446373,100.51
Pom Prap Sattru Phai District,โรงเรียนวัดโสมนัส,13.7612191,100.5111243
Pom Prap Sattru Phai District,โรงเรียนเทพศิรินทร์,13.7467549,100.5156352
Pom Prap Sattru Phai District,โรงเรียนวัดพลับพลาชัย,13.7457428,100.513131
Pom Prap Sattru Phai District,โรงเรียนสายปัญญา ในพระบรมราชินูปถัมภ์,13.7432136,100.5151068
Pom Prap Sattru Phai District,โรงเรียนวัดพระพิเรนทร์,13.7475701,100.5057523
Pom Prap Sattru Phai District,โรงเรียนวัดสระเกศ,13.7532035,100.5089955
Bang Rak District,โรงเรียนอัสสัมชัญคอนแวนต์,13.7227984,100.5142688
Bang Rak District,โรงเรียนอัสสัมชัญศึกษา,13.7222262,100.5154504
Bang Rak District,โรงเรียนอัสสัมชัญ,13.7230842,100.5159137
Bang Rak District,โรงเรียนวัดม่วงแค,13.726224,100.5151192
Bang Rak District,โรงเรียนกรุงเทพคริสเตียนวิทยาลัย,13.7209439,100.5226821
Bang Rak District,โรงเรียนคริสต์ธรรมวิทยา,13.7344127,100.5234602
Bang Rak District,โรงเรียนเซนต์โยเซฟคอนเวนต์,13.7261371,100.5348391
Bang Rak District,Silom Thai Cooking school,13.7226412,100.5244196
Bang Rak District,โรงเรียนพุทธจักรวิทยา,13.7306635,100.5295646
Bang Rak District,โรงเรียนยุหมินพัฒนา,13.7272696,100.5196481
Bang Rak District,โรงเรียนวัดหัวลำโพง,13.7319118,100.5286749
Bang Rak District,โรงเรียนมัธยมปัญญารัตน์,13.7258735,100.5234343
Bang Rak District,โรงเรียนกว่างเจ้า,13.7243002,100.5266979
Bang Rak District,โรงเรียนอัสสัมชัญคอนแวนต์ สีลม,13.721893,100.5218048
Bang Rak District,โรงเรียนสตรีวัดมหาพฤฒาราม,13.732024,100.5162486
Bang Rak District,โรงเรียนนานาชาติเซนต์แอนดรูส์ สาทร,13.7251969,100.5356541
Pathum Wan District,สถาบันดนตรี เคพีเอ็น มิวสิค,13.7448769,100.5343626
Pathum Wan District,โรงเรียนวัดชัยมงคล,13.7478266,100.52334
Pathum Wan District,โรงเรียนเตรียมอุดมศึกษา,13.7402438,100.5300702
Pathum Wan District,Royal Symphony Music,13.7342958,100.545333
Pathum Wan District,โรงเรียนสวนลุมพินี,13.7330461,100.545346
Pathum Wan District,โรงเรียนเตรียมอุดมศึกษา,13.7408819,100.532578
Pathum Wan District,โรงเรียนสาธิต มศว ปทุมวัน,13.7401753,100.5341229
Pathum Wan District,โรงเรียนสาธิตจุฬาลงกรณ์มหาวิทยาลัย ฝ่ายประถม,13.7375383,100.5271306
Pathum Wan District,โรงเรียนสาธิตจุฬาลงกรณ์มหาวิทยาลัย ฝ่ายมัธยม,13.7360441,100.5271831
Pathum Wan District,โรงเรียนมาแตร์เดอีวิทยาลัย,13.7428929,100.5430052
Pathum Wan District,โรงเรียนประเสริฐธรรมวิทยา,13.7391435,100.5217679
Pathum Wan District,โรงเรียนวัดดวงแข,13.7420406,100.5194848
Pathum Wan District,โรงเรียนสีตบุตรบำรุง,13.7429767,100.5211442
Pathum Wan District,โรงเรียนสุนีพิทยา,13.7266969,100.5505781
Pathum Wan District,โรงเรียนวัดปทุมวนาราม,13.7474646,100.5372441
Pathum Wan District,โรงเรียนปลูกจิต,13.72824,100.5499034
Pathum Wan District,ศูนย์ฝึกอาชีพสวนลุมพินี,13.7335804,100.5431273
Pathum Wan District,โรงเรียนนานาชาติ อาร์ซี,13.7391779,100.55043
Pathum Wan District,โรงเรียนพระมหาไถ่ศึกษา,13.7354229,100.5494911
Pathum Wan District,คณะวิศวกรรมศาสตร์,13.7365936,100.5330593
Pathum Wan District,คณะวิทยาศาสตร์,13.7363538,100.530286
Pathum Wan District,คณะสถาปัตยกรรมศาสตร์,13.7398649,100.5308187
Pathum Wan District,คณะอักษรศาสตร์,13.7388791,100.5337415
Pathum Wan District,คณะศิลปกรรมศาสตร์,13.7395257,100.5328912
Pathum Wan District,คณะรัฐศาสตร์,13.7346002,100.5330383
Pathum Wan District,คณะเศรษฐศาสตร์,13.7343028,100.5315502
Pathum Wan District,คณะพาณิชยศาสตร์และการบัญชี,13.7340766,100.5302752
Pathum Wan District,คณะครุศาสตร์,13.7372611,100.5284795
Pathum Wan District,คณะนิเทศศาสตร์,13.7362092,100.5286689
Pathum Wan District,คณะนิติศาสตร์,13.7354365,100.5284941
Pathum Wan District,สถาบันบัณฑิตบริหารธุรกิจศศินทร์,13.7428138,100.5272951
Pathum Wan District,สำนักวิทยาศาสตร์การกีฬา,13.743637,100.527133
Pathum Wan District,คณะเภสัชศาสตร์,13.7435459,100.5313458
Pathum Wan District,คณะทันตแพทยศาสตร์,13.7432557,100.5342388
Pathum Wan District,คณะสัตวแพทยศาสตร์,13.7424803,100.5341873
Pathum Wan District,คณะแพทยศาสตร์,13.7337335,100.5367485
Pathum Wan District,มหาวิทยาลัยเทคโนโลยีราชมงคล วิทยาเขตอุเทนถวาย,13.7418147,100.5311981
Pathum Wan District,สถาบันเทคโนโลยีปทุมวัน,13.7482694,100.5258558
Pathum Wan District,จุฬาลงกรณ์มหาวิทยาลัย,13.7385748,100.5313967
Ratchathewi District,Tantimedh Kindergarten,13.756047,100.535656
Ratchathewi District,โรงเรียนสอนคนตาบอด,13.7683875,100.5292637
Ratchathewi District,Siam Singapore International School,13.7553477,100.5278801
Ratchathewi District,MORU Epidemiology,13.7649047,100.5341009
Ratchathewi District,โรงเรียนดุสิตพาณิชยการ,13.7626793,100.5401925
Ratchathewi District,โรงเรียนศรีอยุธยา,13.7585373,100.5389618
Ratchathewi District,โรงเรียนเซนต์ดอมินิก,13.74885,100.559686
Ratchathewi District,วิทยาลัยเทคโนโลยีดอนบอสโก,13.7501405,100.5603491
Ratchathewi District,The Brain,13.7642483,100.5405596
Ratchathewi District,โรงเรียนสันติราษฎร์วิทยาลัย,13.7580267,100.5325207
Ratchathewi District,โรงเรียนสวนมิสกวัน,13.7637839,100.5314211
Ratchathewi District,โรงเรียนอำนวยศิลป์,13.7600483,100.5277483
Ratchathewi District,โรงเรียนพญาไท,13.7595524,100.5288628
Ratchathewi District,โรงเรียนกิ่งเพชร,13.7514532,100.526575
Ratchathewi District,โรงเรียนวัดพระยายัง,13.7523641,100.5219818
Ratchathewi District,โรงเรียนโกวิทธำรง,13.7571451,100.5441476
Ratchathewi District,คณะเภสัชศาสตร์ มหาวิทยาลัยมหิดล,13.7611706,100.5286624
Ratchathewi District,คณะทันตแพทยศาสตร์ มหาวิทยาลัยมหิดล,13.7641328,100.5332577
Ratchathewi District,คณะวิทยาศาสตร์ มหาวิทยาลัยมหิดล,13.7647094,100.5254721
Ratchathewi District,คณะเวชศาสตร์เขตร้อน มหาวิทยาลัยมหิดล,13.7655325,100.5337771
Ratchathewi District,คณะสาธารณสุขศาสตร์ มหาวิทยาลัยมหิดล,13.7662768,100.5340769
Ratchathewi District,อาคารส่วนวิทยบริการ,13.7666667,100.5338196
Ratchathewi District,มหาวิทยาลัยมหิดล (วิทยาเขตพญาไท),13.7649995,100.5289564
Phaya Thai District,โรงเรียนสามเสนวิทยาลัย,13.7845984,100.5334395
Phaya Thai District,โรงเรียนวัดไผ่ตัน,13.7962252,100.548259
Phaya Thai District,โรงเรียนสวนบัว,13.7777687,100.5409774
Phaya Thai District,โรงเรียนอนุบาลสามเสน,13.7886268,100.5375986
Phaya Thai District,Rasami British International School Bangkok,13.7660532,100.545058
Phaya Thai District,โรงเรียนรุจิเสรีวิทยา,13.7846078,100.5532204
Phaya Thai District,Maple Bear International School,13.7803615,100.5490856
Phaya Thai District,โรงเรียนธำรงวิทย์,13.7766939,100.5450445
Phaya Thai District,วิทยาลัยการจัดการ มหาวิทยาลัยมหิดล,13.7688562,100.5498421
Dusit District,โรงเรียนเซนต์ฟรังซีสเซเวียร์,13.7769289,100.5057724
Dusit District,โรงเรียนมัธยมวัดเบญจมพบิตร,13.7659596,100.5126929
Dusit District,โรงเรียนเบญจมบพิตร,13.7647502,100.5135388
Dusit District,โรงเรียนวัดราขผาติการาม,13.7803666,100.5046356
Dusit District,โรงเรียนทีปังกรวิทยาพัฒน์,13.7824453,100.5107101
Dusit District,โรงเรียนราชวินิต มัธยม,13.762938,100.5147196
Dusit District,โรงเรียนเซนต์คาเบรียล,13.7759659,100.5064403
Dusit District,โรงเรียนวัดราชาธิวาส,13.7747548,100.5045767
Dusit District,โรงเรียนวัดจันทรสโมสร,13.7910503,100.5153066
Dusit District,โรงเรียนกันตะบุตร,13.7887002,100.51652
Dusit District,โรงเรียนช่างอากาศอำรุง,13.796804,100.5331045
Dusit District,โรงเรียนวัดประชาระบือธรรม,13.7896858,100.5251325
Dusit District,โรงเรียนพณิชยการสามเสน,13.787138,100.5150639
Dusit District,โรงเรียนอักษรเจริญ,13.7787251,100.5196395
Dusit District,โรงเรียนอัมพวันศิกษา,13.7798777,100.519835
Dusit District,โรงเรียนสาธิตมหาวิทยาลัยราชภัฏสวนสุนันทา,13.7734277,100.5074925
Dusit District,Dusit District school 1,13.7794336,100.5152269
Dusit District,โรงเรียนสุโขทัย,13.7763515,100.5221156
Dusit District,โรงเรียนวัดน้อยนพคุณ,13.7842821,100.5208899
Dusit District,โรงเรียนเศรษฐเสถียร,13.7819673,100.5229155
Dusit District,โรงเรียนราชวัตรวิทยา,13.7812333,100.5198733
Dusit District,โรงเรียนวัดสวัสดิ์วารีสีมาราม,13.7807744,100.5157047
Dusit District,โรงเรียนโยนออฟอาร์ค,13.778052,100.5053934
Dusit District,โรงเรียนจิตรลดาวิชาชีพ,13.7697146,100.5142231
Dusit District,โรงเรียนราชินีบน,13.789497,100.5131513
Dusit District,โรงเรียนวชิราวุธวิทยาลัย,13.7761677,100.5180002
Dusit District,โรงเรียนราชวินิต,13.7716644,100.5081753
Dusit District,มหาวิทยาลัยเทคโนโลยีราชมงคลพระนคร,13.7618921,100.5135911
Dusit District,มหาวิทยาลัยเทคโนโลยีราชมงคลพระนคร,13.7707483,100.5038232
Dusit District,มหาวิทยาลัยราชภัฏสวนสุนันทา,13.7753986,100.5083453
Dusit District,คณะแพทยศาสตร์วชิรพยาบาล มหาวิทยาลัยนวมินทราธิราช,13.7810792,100.5080147
Dusit District,มหาวิทยาลัยนวมินทราธิราช,13.7810271,100.5051751
Dusit District,สถาบันเทคโนโลยีจิตรลดา,13.7671322,100.5150894
Dusit District,มหาวิทยาลัยสวนดุสิต,13.7771514,100.5113225
Bang Sue District,Bang Sue District school 1,13.8139275,100.5401594
Bang Sue District,โรงเรียนวัดบางโพอมาวาส,13.8088854,100.5199436
Bang Sue District,โรงเรียนวัดสร้อยทอง,13.8133319,100.5176118
Bang Sue District,โรงเรียนโยธินบูรณะ,13.8135216,100.5199624
Bang Sue District,โรงเรียนวัดประชาศรัทธาธรรม,13.818544,100.5191984
Bang Sue District,โรงเรียนวัดมัชฌันติการาม,13.8220564,100.5175644
Bang Sue District,โรงเรียนวัดเลียบราษฏร์บำรุง,13.8287964,100.5211181
Bang Sue District,โรงเรียนโยธินบูรณะ 2 (สุวรรณสุทธาราม),13.8336293,100.5291615
Bang Sue District,โรงเรียนวัดทองสุทธาราม,13.8328359,100.529894
Bang Sue District,ตึกไทย-เยอรมัน,13.8187635,100.5147243
Bang Sue District,Bang Sue District school 2,13.8204912,100.5152357
Bang Sue District,มหาวิทยาลัยเทคโนโลยีพระจอมเกล้าพระนครเหนือ,13.8218102,100.5140093
Bang Sue District,มหาวิทยาลัยเทคโนโลยีราชมงคลพระนคร ศูนย์พระนครเหนือ,13.817596,100.5121398
Bang Sue District,คณะวิศวกรรมศาสตร์,13.8218796,100.5133117
Chatuchak District,อนุบาลสุดารักษ์,13.8448757,100.5815151
Chatuchak District,Veterinary Technology,13.8456681,100.5764959
Chatuchak District,คณะสัตวแพทย์ศาสตร์,13.8451226,100.5770893
Chatuchak District,ภาควิชาพืชไร่นา,13.850176,100.5720578
Chatuchak District,kid fun,13.838373,100.5510337
Chatuchak District,abcdschool,13.8383508,100.5511156
Chatuchak District,Chatuchak District school 1,13.8376082,100.5506193
Chatuchak District,โรงเรียนสาธิตแห่งมหาวิทยาลัยเกษตรศาสตร์,13.8516078,100.5679605
Chatuchak District,โรงเรียนหอวัง,13.8187811,100.560922
Chatuchak District,โรงเรียนสารวิทยา,13.8511698,100.583581
Chatuchak District,โรงเรียนวัดเสมียนนารี,13.8406297,100.5564182
Chatuchak District,โรงเรียนสตรีวรนารถ บางเขน,13.8222198,100.5663203
Chatuchak District,โรงเรียนประชานิเวศน์,13.8438517,100.5466414
Chatuchak District,โรงเรียนอนุบาลคหกรรมศาสตร์,13.844216,100.5710825
Chatuchak District,โรงเรียนบางบัว (เพ่งตั้งตรงจิตรวิทยาคาร),13.8568946,100.5850017
Chatuchak District,โรงเรียนมัธยมประชานิเวศน์,13.8419072,100.5476615
Chatuchak District,วิทยาลัยเทคโนโลยีวราธิปบริหารธุรกิจ,13.8428887,100.5457172
Chatuchak District,โรงเรียนบีคอนเฮาส์ แย้มสอาดลาดพร้าว,13.8027578,100.5669653
Chatuchak District,โรงเรียนวัดเทวสุนทร,13.8538698,100.5619506
Chatuchak District,โรงเรียนธัชรินทร์วิทยา,13.8235246,100.5563057
Chatuchak District,โรงเรียนอรรถมิตร,13.8340011,100.5684787
Chatuchak District,คณะเศรษฐศาสตร์,13.8440842,100.5695476
Chatuchak District,มหาวิทยาลัยเกษตรศาสตร์,13.847942,100.5693598
Chatuchak District,คณะวิศวกรรมศาสตร์,13.8456695,100.5690917
Chatuchak District,Chatuchak District school 2,13.8105146,100.5608173
Chatuchak District,ศูนย์เรียนรวม 1,13.8471534,100.5709504
Chatuchak District,มหาวิทยาลัยศรีปทุม,13.8549521,100.5850672
Chatuchak District,สวน 60 ปี มหาวิทยาลัยเกษตรศาสตร์,13.8498175,100.5661669
Chatuchak District,สมาคมนิสิตเก่ามหาวิทยาลัยเกษตรศาสตร์ ในพระบรมราชูปถัมภ์,13.8466719,100.5790083
Chatuchak District,มหาวิทยาลัยราชภัฏจันทรเกษม,13.8201014,100.5774864
Chatuchak District,มหาวิทยาลัยเซนต์จอห์น,13.8102897,100.5610362
Don Mueang District,โรงเรียน อนุบาลธนินทร,13.9480177,100.6082143
Don Mueang District,โรงเรียนประชาอุทิศ,13.9228583,100.5842238
Don Mueang District,โรงเรียนพระหฤทัยดอนเมือง,13.9250599,100.5886124
Don Mueang District,โรงเรียนวัดเวฬุวนาราม,13.9146455,100.5659088
Don Mueang District,โรงเรียนวัดเวฬุวนาราม (มัธยม),13.9142881,100.5683994
Don Mueang District,โรงเรียนดอนเมืองจาตุรจินดา,13.9146887,100.5931671
Don Mueang District,โรงเรียนนานาชาติ ฮาร์โรว์,13.9061314,100.5835479
Don Mueang District,โรงเรียนสีกัน (วัฒนานันท์อุปถัมภ์),13.9243865,100.594274
Don Mueang District,โรงเรียนวัดดอนเมือง (ทหารอากาศอุทิศ),13.9215473,100.6010901
Don Mueang District,โรงเรียนดอนเมืองทหารอากาศบำรุง,13.9311845,100.6058778
Don Mueang District,โรงเรียนบริบูรณ์ศิลปศึกษา,13.9157717,100.5951525
Lak Si District,Lak Si District school 1,13.8725294,100.5532496
Lak Si District,โรงเรียนชาลีสมุทร,13.8563113,100.5483895
Lak Si District,โรงเรียนกองทัพบกอุปถัมภ์ ไกรอำนวยวิทยา,13.8934432,100.5570029
Lak Si District,ศูนย์ศึกษาพระพุทธศาสนาวันอาทิตย์,13.8891043,100.5825191
Lak Si District,โรงเรียนการเคหะท่าทราย,13.8732618,100.5535495
Lak Si District,โรงเรียนไผทอุดมศึกษา,13.8767126,100.5789536
Lak Si District,โรงเรียนวัดหลักสี่,13.8894641,100.5824185
Lak Si District,โรงเรียนบางเขน (ไว้สาลีอนุสรณ์),13.8607786,100.5673558
Lak Si District,รงเรียนราชวินิตบางเขน,13.8584361,100.5544692
Lak Si District,สถาบันบัณฑิตศึกษาจุฬาภรณ์,13.8825033,100.5789585
Lak Si District,ราชวิทยาลัยจุฬาภรณ์,13.8842285,100.5700754
Lak Si District,มหาวิทยาลัยธุรกิจบัณฑิตย์,13.8706193,100.5510391
Bang Khen District,โรงเรียนมัธยมสาธิตวัดพระศรีมหาธาตุ,13.876353,100.5940693
Bang Khen District,โรงเรียนนนานาชาติกีรพัฒน์,13.8451352,100.6325403
Bang Khen District,บัณฑิตวิทยาลัย,13.8754722,100.5949896
Bang Khen District,กวดวิชาทหารจักรดาวเสธเอส,13.8756846,100.5991403
Bang Khen District,โรงเรียนปราโมชวิทยารามอินทรา,13.8697871,100.6057828
Bang Khen District,โรงเรียนประชาภิบาล,13.8728513,100.5970892
Bang Khen District,โรงเรียนสุขฤทัย,13.8500265,100.6505135
Bang Khen District,โรงเรียนรัตนโกสินทร์สมโภชบางเขน,13.8714307,100.6449992
Bang Khen District,โรงเรียนบ้านคลองบัว (เอี่ยมแสงโรจน์),13.8643311,100.6406476
Bang Khen District,โรงเรียนกองทัพบกอุปถัมภ์ เพชราวุธวิทยา,13.8458831,100.5923835
Bang Khen District,โรงเรียนจารุวรรณ,13.8785022,100.6427015
Bang Khen District,โรงเรียนไทยนิยมสงเคราะห์,13.8773754,100.5986259
Bang Khen District,มหาวิทยาลัยราชภัฏพระนคร,13.8764357,100.5919751
Bang Khen District,มหาวิทยาลัยเกริก,13.873277,100.5994692
Din Daeng District,โรงเรียนกุนนทีรุทธารามวิทยาคม,13.7820645,100.5725336
Din Daeng District,โรงเรียนสามเสนนอก,13.7775663,100.569339
Din Daeng District,Samsen Nok School,13.7744193,100.5723604
Din Daeng District,โรงเรียนพิบูลประชาสรรค์,13.7628882,100.5514513
Din Daeng District,โรงเรียนสุรศักดิ์มนตรี,13.7753011,100.5556257
Din Daeng District,โรงเรียนฝึกอาชีพกรุงเทพมหานคร,13.7686862,100.5566807
Din Daeng District,โรงเรียนวิชากร กรุงเทพมหานคร,13.7677259,100.5550167
Din Daeng District,โรงเรียนวิชูทิศ,13.7676414,100.5562066
Din Daeng District,โรงเรียนสามัคคีบํารุงวิทยา,13.7669516,100.5569482
Din Daeng District,Din Daeng District school 1,13.7971032,100.5737099
Din Daeng District,โรงเรียนนิธิปริญญา,13.7627635,100.5470806
Din Daeng District,โรงเรียนอำนวยพิทยา,13.7739086,100.5664934
Din Daeng District,โรงเรียนจำนงค์พิทยา,13.7649058,100.5595285
Din Daeng District,โรงเรียนแม่พระฟาติมา,13.7602519,100.5560454
Din Daeng District,Phra Nakhon Polytechnic College,13.778306,100.5714559
Din Daeng District,มหาวิทยาลัยเทคโนโลยีราชมงคลตะวันออก เขตพื้นที่จักรพงษภูวนารถ,13.7780567,100.5568015
Din Daeng District,มหาวิทยาลัยหอการค้าไทย,13.7797232,100.5605535
Huai Khwang District,Shrewsbury International School City Campus,13.7520839,100.577412
Huai Khwang District,SanDee Language School,13.7523802,100.5749634
Huai Khwang District,โรงเรียนวัดอุทัยธาราม,13.7497172,100.5694573
Huai Khwang District,โรงเรียนเตรียมอุดมศึกษาพัฒนาการ รัชดา,13.7729296,100.5747047
Huai Khwang District,บางกอกทวิวิทย์ แผนกประถมศึกษาและมัธยมศึกษา,13.7729032,100.58448
Huai Khwang District,โรงเรียนประชาราษฎร์บำเพ็ญ,13.7763674,100.5837779
Huai Khwang District,โรงเรียนนานาชาติเซ็นทรัล,13.7566008,100.5694653
Huai Khwang District,โรงเรียนพระราม 9 กาญจนาภิเษก,13.7596666,100.592997
Huai Khwang District,โรงเรียนสมาคมไทย-ญี่ปุ่น,13.760874,100.5935469
Huai Khwang District,โรงเรียนจันทร์หุ่นบำเพ็ญ,13.7797287,100.5850666
Huai Khwang District,โรงเรียนนานาชาติเดอะรีเจ้นท์,13.7703239,100.5837533
Khlong Toei District,Australian International School,13.7281689,100.5637277
Khlong Toei District,Vanessa Sukhumvit School,13.7237782,100.5708455
Khlong Toei District,Rockademy,13.7203703,100.5669983
Khlong Toei District,Cooking with Poo and Friends,13.7094599,100.5758245
Khlong Toei District,Khlong Toei District school 1,13.7186349,100.5830004
Khlong Toei District,Khlong Toei District school 2,13.726847,100.5644033
Khlong Toei District,Khlong Toei District school 3,13.727306,100.5644086
Khlong Toei District,Khlong Toei District school 4,13.7275692,100.5650256
Khlong Toei District,Khlong Toei District school 5,13.726876,100.5647653
Khlong Toei District,Khlong Toei District school 6,13.7271873,100.5641797
Khlong Toei District,Khlong Toei District school 7,13.727751,100.5642773
Khlong Toei District,อาคาร 4,13.727818,100.5647528
Khlong Toei District,โรงเรียนสายน้ำผึ้ง,13.7273496,100.5645446
Khlong Toei District,Khlong Toei District school 8,13.7189079,100.581403
Khlong Toei District,โรงเรียนนานาชาติบีเอสบีบริติชไพรแมรี่,13.7363597,100.5527583
Khlong Toei District,โรงเรียนนานาชาติเซนต์แอนดรูว์ส,13.7172537,100.5874184
Khlong Toei District,โรงเรียนคลองเตยวิทยา,13.7227673,100.5582846
Khlong Toei District,โรงเรียนศูนย์รวมน้ำใจ,13.7130301,100.5698841
Khlong Toei District,โรงเรียนพระหฤทัยคอนแวนต์,13.7181034,100.5563001
Khlong Toei District,โรงเรียนสายน้ำทิพย์,13.7277116,100.5655589
Lat Phrao District,โรงเรียนเทพวิทยา,13.8323162,100.5910547
Lat Phrao District,รร,13.8112725,100.6070379
Lat Phrao District,โรงเรียนลอยสายอนุสรณ์,13.8403901,100.6328487
Lat Phrao District,Study Plus Education,13.8274159,100.5963054
Lat Phrao District,โรงเรียนวัดลาดพร้าว,13.8031688,100.5901786
Lat Phrao District,โรงเรียนวัดลาดปลาเค้า,13.8475755,100.604085
Lat Phrao District,โรงเรียนโชคชัย,13.834445,100.6275322
Lat Phrao District,โรงเรียนคลองทรงกระเทียม,13.8008803,100.6129428
Lat Phrao District,โรงเรียนสตรีวิทยา 2,13.8273784,100.6155816
Sai Mai District,โรงเรียนอนุบาลปิยะวิทย์,13.9365398,100.630609
Sai Mai District,โรงเรียนฤทธิยะวรรณาลัย,13.9135093,100.6263244
Sai Mai District,โรงเรียนวัดหนองใหญ่,13.9182755,100.6865512
Sai Mai District,โรงเรียนสารสาสน์วิเทศสายไหม,13.9179839,100.6807874
Sai Mai District,โรงเรียนออเงิน,13.9039005,100.6651386
Sai Mai District,Wat Koh Suwanaram School,13.9081184,100.6339173
Sai Mai District,โรงเรียนซอยแอนเนกซ์,13.9356109,100.6388709
Sai Mai District,โรงเรียนนายเรืออากาศ,13.9193308,100.6274553
Vadhana District,Thai Language Hut School,13.7301371,100.5727604
Vadhana District,Superstar Academy,13.739562,100.5846469
Vadhana District,Anglo Singapore International School,13.743885,100.5701741
Vadhana District,โรงเรียนนานาชาติโมเดิร์น,13.7446383,100.5719022
Vadhana District,Chutaporn Kindergarten,13.7453904,100.5694659
Vadhana District,GoodWill Foundation,13.7392528,100.5603155
Vadhana District,หลักสูตรนานาชาติ รร.สาธิต มศว ประสานมิตร(ฝ่ายมัธยม),13.7451843,100.5649756
Vadhana District,รร. สาธิต มศว ประสานมิตร (ฝ่ายมัธยม),13.7428628,100.5656556
Vadhana District,โรงเรียนนานาชาติไอวี่บาวนด์,13.7361459,100.5712125
Vadhana District,โรงเรียนวัดธาตุทอง (เรือนเขียวสะอาด),13.7192476,100.5863688
Vadhana District,Thai Christian school,13.7345789,100.5945018
Vadhana District,Acorns to Oaks Children's Centre,13.7212804,100.6034044
Vadhana District,TOEIC testing centre,13.7442878,100.5630565
Vadhana District,โรงเรียนพระแม่มารีพระโขนง,13.7183559,100.5908847
Vadhana District,Vadhana District school 1,13.7290757,100.6004594
Vadhana District,สมาคมส่งเสริมเทคโนโลยี (สส่ท),13.7353293,100.5651166
Vadhana District,The Early Learning Centre,13.7339626,100.5784369
Vadhana District,Vadhana District school 2,13.7156564,100.596564
Vadhana District,Vadhana District school 3,13.7255462,100.594959
Vadhana District,Wells International School,13.7271685,100.576964
Vadhana District,Chamchan School,13.7391493,100.5876462
Vadhana District,โรงเรียนวัฒนาวิทยาลัย,13.74467,100.5601422
Vadhana District,โรงเรียนนานาชาติเอกมัย,13.7307791,100.592484
Vadhana District,โรงเรียนนานาชาติเซนต์แอนดรูวส์,13.7237591,100.5978566
Vadhana District,โรงเรียนสวัสดีวิทยา,13.739815,100.5663967
Vadhana District,Vadhana District school 4,13.7415309,100.5655754
Vadhana District,Bangkok Prep Campus,13.7153955,100.6016685
Vadhana District,Sisb Nursery Center,13.731509,100.5896815
Vadhana District,โรงเรียนเกษมพิทยา,13.731119,100.5955522
Vadhana District,Vadhana District school 5,13.7207701,100.5926195
Vadhana District,โรงเรียนนานาชาตินิสท์,13.7473411,100.5603117
Vadhana District,Bangkok Prep Tennis Academy,13.7157653,100.6033188
Vadhana District,โรงเรียนนานาชาติแอ๊ดเวนตีสกรุงเทพ,13.7329672,100.594536
Vadhana District,Bangkok Prep,13.7153955,100.6021081
Vadhana District,มหาวิทยาลัยศรีนครินทรวิโรฒ ประสานมิตร,13.744883,100.5649317
Bang Kapi District,มหาลัยอัสสัมชัญ หัวหมาก,13.7532353,100.6281255
Bang Kapi District,Assumption University in Hua Mak,13.7550007,100.6276466
Bang Kapi District,Abac,13.7548844,100.6276628
Bang Kapi District,พระมารดานิจจานุเคราะห์,13.7901897,100.639203
Bang Kapi District,โรงเรียนบางกะปิ,13.7709681,100.6510901
Bang Kapi District,โรงเรียนเทพลีลา,13.7583454,100.6154379
Bang Kapi District,โรงเรียนมัธยมวัดบึงทองหลาง,13.79424,100.6262798
Bang Kapi District,โรงเรียนวัดบึงทองหลาง,13.7951007,100.6254061
Bang Kapi District,โรงเรียนนานาชาตินีวาอเมริกัน,13.8027194,100.6297706
Bang Kapi District,โรงเรียนนานาชาติไบรท์ตันคอลเลจ กรุงเทพฯ,13.7534185,100.6730557
Bang Kapi District,โรงเรียนนานาชาติแมนดาริน,13.7642804,100.6616253
Bang Kapi District,โรงเรียนนานาชาติเพ็ญสมิทธ์,13.7626154,100.663793
Bang Kapi District,หอประชุมเฉลิมพระเกียรติ,13.7716018,100.6544737
Bang Kapi District,มหาวิทยาลัยอัสสัมชัญ,13.7532314,100.628145
Bang Kapi District,De Montfort Hall,13.7549532,100.6276594
Bang Kapi District,St. Louis Hall,13.7536452,100.627627
Bang Kapi District,มหาวิทยาลัยรามคำแหง (หัวหมาก),13.7560306,100.6180202
Bang Kapi District,มหาวิทยาลัยรัตนบัณฑิต,13.779273,100.6385491
Bang Kapi District,วิทยาลัยเทคโนโลยีช่างอุตสาหกรรมกรุงเทพ,13.7551568,100.6329786
Bangkok Yai District,โรงเรียนวัดเจ้ามูล,13.7368528,100.4725457
Bangkok Yai District,โรงเรียนวัดดีดวด,13.7414202,100.474888
Bangkok Yai District,โรงเรียนวัดท่าพระ,13.7335041,100.4728128
Bangkok Yai District,โรงเรียนทวีธาภิเศก,13.7451321,100.4826973
Bangkok Yai District,Bangkok Yai District school 1,13.7242246,100.4691589
Bangkok Yai District,โรงเรียนชาตศึกษา,13.7407712,100.4803547
Bangkok Yai District,โรงเรียนวัดหงส์รัตนารามราชวรวิหาร,13.7403776,100.4867876
Bangkok Yai District,โรงเรียนวัดนาคกลาง,13.7458123,100.4840595
Taling Chan District,โรงเรียนโพธิสารพิทยากร,13.7678613,100.4268031
Taling Chan District,โรงเรียนวัดโพธิ์(ราษฎร์ผดุงผล),13.769466,100.4271517
Taling Chan District,Arabeques,13.7672988,100.4417826
Taling Chan District,A Little Something,13.7674447,100.4418203
Taling Chan District,Juno Park ville,13.7675724,100.4418497
Taling Chan District,Pingu English,13.7677309,100.441837
Taling Chan District,Kidsmatter,13.7678688,100.4418666
Taling Chan District,Yago House,13.7677051,100.4426145
Taling Chan District,โรงเรียนวัดเกาะ,13.7425327,100.4562692
Taling Chan District,โรงเรียนอยู่เย็นวิทยา,13.7560887,100.4280652
Taling Chan District,โรงเรียนอยู่เย็นวิทยา,13.7545155,100.4289919
Taling Chan District,โรงเรียนวัดกระโจม,13.7475007,100.4428982
Taling Chan District,โรงเรียนวัดพิกุล,13.7413014,100.4328944
Taling Chan District,โรงเรียนชุมทางตลิ่งชัน,13.795782,100.4377447
Taling Chan District,โรงเรียนทีปังกรวิทยาพัฒน์,13.7918495,100.4661547
Taling Chan District,โรงเรียนวัดตลิ่งชัน,13.7794139,100.4566528
Taling Chan District,โรงเรียนวัดไก่เตี้ย,13.7849114,100.465572
Thawi Watthana District,โรงเรียนเพลินพัฒนา,13.7875603,100.3967196
Thawi Watthana District,Note Studio,13.8006361,100.3685227
Thawi Watthana District,Note Studio,13.8005795,100.3685887
Thawi Watthana District,โรงเรียนทีปังกรวิทยาพัฒน์ (ทวีวัฒนา) ในพระราชูปถัมภ์ฯ,13.7506135,100.3488024
Thawi Watthana District,โรงเรียนโชติกาญจน์,13.7483512,100.3444772
Thawi Watthana District,โรงเรียนวัดปุรณาวาส,13.8014419,100.3361902
Thawi Watthana District,Thawi Watthana District school 1,13.7879089,100.3961501
Thawi Watthana District,โรงเรียนนวมินทราชินูทิศ สตรีวิทยา พุทธมณฑล,13.7733105,100.3558757
Thawi Watthana District,โรงเรียนสาธิตกรุงเทพธนบุรี,13.7749514,100.3456571
Thawi Watthana District,มหาวิทยาลัยกรุงเทพธนบุรี,13.7684562,100.351813
Wang Thonglang District,Lycée Français International de Bangkok,13.7703036,100.6018563
Wang Thonglang District,English Planet,13.7958902,100.5914861
Wang Thonglang District,Wang Thonglang District school 1,13.7961338,100.5950253
Wang Thonglang District,โรงเรียนบดินทรเดชา (สิงห์ สิงหเสนี),13.768606,100.615196
Wang Thonglang District,โรงเรียนนวมินทราชินูทิศ บดินทรเดชา,13.791612,100.6060763
Wang Thonglang District,โรงเรียนฝรั่งเศสนานาชาติ กรุงเทพ,13.7704807,100.6005718
Wang Thonglang District,Wang Thonglang District school 2,13.7712071,100.601591
Wang Thonglang District,โรงเรียนอุดมศึกษา,13.7739818,100.6129834
Wang Thonglang District,โรงเรียนพระยาประเสริฐสุนทราศรัย (กระจ่าง สิงหเสนี),13.7643845,100.6092339
Bang Phlat District,Bang Phlat District school 1,13.7902295,100.4804255
Bang Phlat District,โรงเรียนบูรณวิทย์,13.7888129,100.5000548
Bang Phlat District,โรงเรียนทิวไผ่งาม,13.7772663,100.4944332
Bang Phlat District,Canadian International School of Thailand,13.7767384,100.4966672
Bang Phlat District,โรงเรียนวัดฉัตรแก้วจงกลณี,13.8016483,100.5134022
Bang Phlat District,โรงเรียนวัดสามัคคีสุทธาวาส,13.7976044,100.5024275
Bang Phlat District,Pimonwit School,13.7855627,100.4945795
Bang Phlat District,โรงเรียนวิมุตยารามพิทยากร,13.810132,100.5132336
Bang Phlat District,โรงเรียนวัดบางพลัด (ป.สุวณโณ),13.7927521,100.4985327
Bang Phlat District,โรงเรียนวัดอาวุธวิกสิตาราม,13.7903598,100.5062731
Bang Phlat District,โรงเรียนวัดเทพากร (เลี่ยมมาตุทิศ),13.7866028,100.5027715
Bang Phlat District,โรงเรียนวัดคฤหบดี (จันทรสถิตย์),13.7723688,100.4966556
Bang Phlat District,โรงเรียนวัดบวรมงคล,13.7767622,100.4937987
Bang Phlat District,โรงเรียนวัดพระยาศิริไอยสวรรค์,13.7690877,100.493258
Bang Phlat District,โรงเรียนวัดเปาโรหิตย์,13.780321,100.4952572
Bang Phlat District,โรงเรียนเขมะสิริอนุสสรณ์,13.7822061,100.4975939
Bangkok Noi District,โรงเรียนวัดศรีสุดาราม,13.7667936,100.4726193
Bangkok Noi District,โรงเรียนวัดบางเสาธง,13.7432689,100.467473
Bangkok Noi District,โรงเรียนสวนอนันต์,13.7516491,100.4755957
Bangkok Noi District,โรงเรียนวัดดงมูลเหล็ก,13.7513503,100.4753906
Bangkok Noi District,โรงเรียนวัดอัมพวา,13.7488126,100.4756623
Bangkok Noi District,โรงเรียนสตรีวัดระฆัง,13.7520178,100.4862973
Bangkok Noi District,โรงเรียนวัดดุสิตาราม,13.7640565,100.4872697
Bangkok Noi District,โรงเรียนวัดปฐมบุตรอิศราราม,13.7732145,100.4766135
Bangkok Noi District,วิทยาลัยเทคโนโลยีจรัลสนิทวงศ์,13.7690757,100.4753416
Bangkok Noi District,โรงเรียนสุวรรณารามวิทยาคม,13.7626819,100.4759532
Bangkok Noi District,โรงเรียนวัดสุวรรณาราม,13.7619762,100.4776289
Bangkok Noi District,โรงเรียนมัธยมวัดดุสิตาราม,13.7632012,100.4890329
Bangkok Noi District,โรงเรียนวัดอมรินทราราม,13.7590277,100.4832112
Bangkok Noi District,โรงเรียนมัธยมวัดนายโรง,13.7753547,100.4722972
Bangkok Noi District,โรงเรียนวัดสุวรรณคีรี,13.7808476,100.4681997
Bangkok Noi District,โรงเรียนวัดมะลิ,13.762386,100.4606142
Nong Khaem District,โรงเรียนกรพิทักษ์ศึกษา,13.6800304,100.3824825
Nong Khaem District,โรงเรียนศึกษาสมบูรณ์อนุสรณ์,13.7070702,100.3699402
Nong Khaem District,โรงเรียนเลิศหล้าถนนเพชรเกษม,13.703231,100.3581546
Nong Khaem District,บ้านขยันเรียน,13.6922966,100.3784865
Nong Khaem District,โรงเรียนประชาบำรุง,13.6870384,100.3637162
Nong Khaem District,โรงเรียนจันทศิริวิทยา,13.6803491,100.3430729
Nong Khaem District,กวดวิชาแอปโซลูทวัน,13.6871955,100.3427214
Nong Khaem District,โรงเรียนอนุบาลเสริมปัญญาพุดตาน,13.6884798,100.3405052
Nong Khaem District,โรงเรียนอัษฎางค์การบริบาล,13.7002373,100.3404683
Nong Khaem District,โรงเรียนดนตรีปางฝัน,13.6913708,100.342251
Nong Khaem District,โรงเรียนวัดอุดมรังสี,13.7042117,100.3490309
Nong Khaem District,โรงเรียนบ้านขุนประเทศ,13.7217704,100.3431112
Nong Khaem District,โรงเรียนมัธยมวัดหนองแขม,13.6760406,100.3395394
Nong Khaem District,โรงเรียนวัดหนองแขม (สหราษฎร์บูรณะ),13.6770598,100.3394217
Nong Khaem District,โรงเรียนวัดศรีนวลธรรมวิมล,13.6567739,100.3440647
Nong Khaem District,มหาวิทยาลัยธนบุรี,13.7163977,100.3485588
Bang Khae District,โรงเรียนคลองหนองใหญ่,13.6895636,100.4175655
Bang Khae District,โรงเรียนวัดม่วง,13.6937417,100.3928558
Bang Khae District,โรงเรียนสอนพิเศษครูผึ้ง,13.6977273,100.4079619
Bang Khae District,โรงเรียนบางแคเหนือ,13.7131704,100.4124666
Bang Khae District,โรงเรียนภาษานุสรณ์บางแค,13.7128309,100.4174344
Bang Khae District,โรงเรียนราชวินิตประถมบางแค,13.7161064,100.4224367
Bang Khae District,โรงเรียนอำนวยศิลป์ธนบุรี,13.7090864,100.3927801
Bang Khae District,โรงเรียน เพชรเกษม (จตุรงค์สงครามอนุสรณ์),13.7047204,100.3845728
Bang Khae District,โรงเรียนดนตรี ป๊อปอัพ,13.688399,100.406648
Bang Khae District,โรงเรียนวัดศาลาแดง,13.7494364,100.3545965
Bang Khae District,โรงเรียนบางแค (เนื่องสังวาลย์อนุสรณ์),13.7072804,100.4006234
Bang Khae District,โรงเรียนปัญญาวรคุณ,13.6931671,100.3921957
Bang Khae District,โรงเรียนวัดราษฎร์บำรุง,13.7014645,100.3796468
Bang Khae District,โรงเรียนอัสสัมชัญธนบุรี,13.7336121,100.3702987
Bang Khae District,โรงเรียนสารสาสน์ธนบุรี,13.7332447,100.3665495
Bang Khae District,โรงเรียนโรงเรียนราชวินิตบางแคปานขำ,13.7229026,100.3788271
Bueng Kum District,โรงเรียนประภาสวิทยา,13.8042595,100.6619978
Bueng Kum District,โรงเรียนวัดนวลจันทร์,13.83751,100.6389471
Bueng Kum District,โรงเรียนแช่มเสริม,13.8301182,100.6508406
Bueng Kum District,โรงเรียนนวมินทราชูทิศ กรุงเทพมหานคร,13.829486,100.6515995
Bueng Kum District,โรงเรียนโสมาภา 2,13.7899589,100.6505246
Bueng Kum District,เลิศหล้า เกษตรนวมินทร์,13.8167573,100.6381909
Bueng Kum District,โรงเรียนคลองกุ่ม (เสรีไทย อนุสรณ์),13.7861156,100.6738963
Bueng Kum District,โรงเรียนสุขุมนวพันธ์อุปถัมภ์,13.7870587,100.6682909
Bueng Kum District,โรงเรียนบดินทรเดชา (สิงห์ สิงหเสนี) 2,13.8144548,100.6557626
Bueng Kum District,Bueng Kum District school 1,13.8172715,100.6545373
Bueng Kum District,โรงเรียนสายอักษร,13.845629,100.6481543
Bueng Kum District,โรงเรียนวัดบางเตย,13.8032576,100.6494704
Bueng Kum District,โรงเรียนนานาชาติจีน,13.8152017,100.6549016
Khan Na Yao District,Khan Na Yao District school 1,13.7931291,100.695213
Khan Na Yao District,โรงเรียนเตรียมวิทย์พัฒนา,13.8424819,100.6537206
Phasi Charoen District,โรงเรียนวัดวิจิตรการนิมิตร,13.7397809,100.4602985
Phasi Charoen District,โรงเรียนวัดโตนด,13.7362445,100.452932
Phasi Charoen District,โรงเรียนผดุงกิจวิทยา,13.7196087,100.4286806
Phasi Charoen District,โรงเรียนวัดนิมมานรดี,13.7092856,100.4267924
Phasi Charoen District,โรงเรียนวัดประดู่บางจาก (พ่วงอุทิศ),13.7225288,100.4567276
Phasi Charoen District,โรงเรียนชาญกิจวิทยา,13.7178279,100.4503689
Phasi Charoen District,Charm English Home,13.7158069,100.4440913
Phasi Charoen District,โรงเรียนสอนตัดเสื้อสมบูรณ์เกื้อ,13.7152285,100.4437835
Phasi Charoen District,โรงเรียนวัดนวลนรดิศ,13.723874,100.4668454
Phasi Charoen District,โรงเรียนวัดรางบัว,13.7114056,100.4396354
Phasi Charoen District,Phasi Charoen District school 1,13.6941125,100.4354113
Phasi Charoen District,โรงเรียนเปี่ยมสุวรรณวิทยา,13.7333116,100.4611408
Phasi Charoen District,โรงเรียนวัดอ่างแก้ว (จีบ ปานขำ),13.7163075,100.4534315
Phasi Charoen District,โรงเรียนวัดชัยฉิมพลี,13.7341067,100.4333563
Phasi Charoen District,โรงเรียนวัดทองศาลางาม,13.7287168,100.4640791
Phasi Charoen District,โรงเรียนสุภาคมศึกษา,13.7236201,100.467406
Phasi Charoen District,โรงเรียนสุธรรมศึกษา,13.7314204,100.4619413
Phasi Charoen District,โรงเรียนเซนต์ปีเตอร์ ธนบุรี,13.7362116,100.4295365
Phasi Charoen District,โรงเรียนวัดจันทร์ประดิษฐาราม,13.7209338,100.4405301
Phasi Charoen District,โรงเรียนวัดกำแพง,13.7393168,100.4457393
Phasi Charoen District,โรงเรียนวัดตะล่อม,13.7416226,100.4286489
Phasi Charoen District,โรงเรียนไชยฉิมพลีวิทยาคม,13.7354734,100.4333142
Phasi Charoen District,มหาวิทยาลัยสยาม,13.7208335,100.4531953
Khlong Sam Wa District,โรงเรียนขุมทองวิทยา,13.887587,100.7198995
Khlong Sam Wa District,โรงเรียนนวมินทราชินูทิศ สตรีวิทยา 2,13.9023452,100.7412907
Khlong Sam Wa District,โรงเรียนวัดศรีสุขสถาพร,13.918632,100.7912403
Khlong Sam Wa District,โรงเรียนนวมินทราชินูทิศเบญจมราชาลัย,13.8910346,100.6944284
Khlong Sam Wa District,โรงเรียนวัดสุทธิสะอาด,13.877478,100.7323736
Khlong Sam Wa District,โรงเรียน พิทยาพัฒน์ศึกษา,13.8358576,100.7715502
Khlong Sam Wa District,โรงเรียนสุเหร่าแสนแสบ,13.8258032,100.7512503
Khlong Sam Wa District,โรงเรียนวัดแป้นทอง,13.8859563,100.7087981
Khlong Sam Wa District,โรงเรียนสารสาสน์วิเทศนิมิตใหม่,13.8695537,100.7343996
Khlong Sam Wa District,โรงเรียนสาธิตพัฒนา,13.8774884,100.7098821
Khlong Sam Wa District,โรงเรียนบางชัน (ปลื้มวิทยานุสรณ์),13.8178723,100.6978508
Bang Na District,Bang Na District school 1,13.6712613,100.6039778
Bang Na District,โรงเรียนสิริรัตนาธร,13.6756058,100.6243109
Bang Na District,International Community School,13.6678053,100.6523175
Bang Na District,โรงเรียนนานาชาติเซนต์แอนดรูส์ สุขุมวิท,13.6603519,100.6022518
Bang Na District,โรงเรียนนานาชาติเบิร์คลีย์,13.6736467,100.6144738
Bang Na District,โรงเรียนสรรพาวุธวิทยา,13.6641876,100.5929774
Bang Na District,โรงเรียนเพี้ยนพินอนุสรณ์,13.6642931,100.5976126
Bang Na District,โรงเรียนลาซาลกรุงเทพ,13.6569586,100.6316442
Bang Na District,โรงเรียนศรีเอี่ยมอนุสรณ์,13.6677531,100.6434612
Bang Na District,โรงเรียนวัดบางนานอก,13.6761411,100.5878787
Bang Na District,โรงเรียนบางกอกพัฒนา,13.6634758,100.621752
Min Buri District,Ruamrudee International School,13.7830382,100.7281916
Min Buri District,IBS 3 Nimitmai,13.8214295,100.7445546
Min Buri District,เด็กสากลนิมิตใหม่,13.8236871,100.7453902
Min Buri District,โรงเรียนร่วมฤดีวิเทศศึกษา แผนกสวิส,13.7839125,100.7274509
Min Buri District,โรงเรียนนานาชาติร่วมฤดี,13.782101,100.7283724
Min Buri District,โรงเรียนเศรษฐบุตรบำเพ็ญ,13.814152,100.7139616
Min Buri District,โรงเรียนสตรีเศรษฐบุตรบำเพ็ญ,13.8139556,100.7335919
Min Buri District,มหาวิทยาลัยเกษมบัณฑิต วิทยาเขตร่มเกล้า,13.8026524,100.7369887
Prawet District,โรงเรียนราชดำริ,13.6821606,100.679416
Prawet District,โรงเรียนคลองปักหลัก,13.681295,100.698455
Prawet District,โรงเรียนนานาชาติบีคอนเฮ้าส์แย้มสะอาด,13.7225814,100.6566802
Prawet District,โรงเรียนจินดาพร,13.6716189,100.6906984
Prawet District,Prawet District school 1,13.6668315,100.6819368
Prawet District,โรงเรียนมัธยมสุวิทย์เสรีอนุสรณ์,13.7092545,100.6623109
Prawet District,อนุบาลเกษมสันต์,13.6887678,100.6762269
Prawet District,โรงเรียนวัดตะกล่ำ,13.6766157,100.6652893
Prawet District,โรงเรียนสุวิทย์เสรีอนุสรณ์,13.7087008,100.6619587
Prawet District,โรงเรียนแก่นทองอุปถัมภ์,13.6972751,100.6525399
Prawet District,โรงเรียนอนุบาลจินดาพร,13.6692095,100.6946395
Prawet District,มหาวิทยาลัยรามคำแหง วิทยาเขตปัจฉิมสวัสดิ์ - สุวรรณนภาศรี (วิทยาเขตบางนา),13.6662501,100.689084
Prawet District,มหาวิทยาลัยนานาชาติแสตมฟอร์ด,13.7352518,100.6615139
Saphan Sung District,ศิริเพ็ญ,13.7798083,100.679389
Saphan Sung District,ScienArium,13.7757573,100.6693947
Saphan Sung District,engzci,13.7438066,100.6933462
Saphan Sung District,โรงเรียนสมโภชกรุงอนุสรณ์ (200 ปี),13.7403555,100.6926793
Saphan Sung District,Saphan Sung District school 1,13.7418199,100.6751906
Saphan Sung District,โรงเรียนนานาชาติเวลลิงตันคอลเลจ,13.7425147,100.6709774
Saphan Sung District,โรงเรียนอัลอะมีม,13.7828393,100.6825047
Saphan Sung District,โรงเรียนเตรียมอุดมศึกษาน้อมเกล้า,13.784493,100.6921191
Saphan Sung District,โรงเรียนนวมินทราชินูทิศ เตรียมอุดมศึกษาน้อมเกล้า,13.7560809,100.6807434
Phra Khanong District,โรงเรียนพระโขนงพิทยาลัย,13.6952529,100.5915429
Phra Khanong District,โรงเรียนบพิธวิทยา,13.6920345,100.591966
Phra Khanong District,โรงเรียนวชิรธรรมสาธิต,13.6916254,100.6333679
Phra Khanong District,โรงเรียน​วัดวชิรธรรมสาธิต,13.6922574,100.6366699
Suan Luang District,สถาบันเทคโนโลยีไทย-ญี่ปุ่น,13.73814,100.6290657
Suan Luang District,โรงเรียนมัธยมนาคนาวาอุปถัมภ์,13.7325921,100.6134221
Suan Luang District,โรงเรียนวัดปากบ่อ,13.7140577,100.63156
Suan Luang District,โรงเรียนวัดทองใน,13.7118977,100.622566
Suan Luang District,โรงเรียนนาคนาวาอุปถัมภ์,13.730941,100.613182
Suan Luang District,Suan Luang District school 1,13.7154577,100.6284975
Suan Luang District,โรงเรียนวัดใต้,13.71301,100.6037861
Suan Luang District,Suan Luang District school 2,13.7140173,100.6078126
Suan Luang District,Suan Luang District school 3,13.7136803,100.6075382
Suan Luang District,โรงเรียนวัดมหาบุศย์,13.7139046,100.6074273
Suan Luang District,Suan Luang District school 4,13.7142316,100.607655
Suan Luang District,คลองกลันตัน (มีสุวรรณ อนุสรณ์),13.733269,100.6405133
Suan Luang District,โรงเรียนเตรียมอุดมศึกษาพัฒนาการ,13.7292131,100.6463765
Suan Luang District,โรงเรียนปาณยาพัฒนาการ,13.7355252,100.6279671
Suan Luang District,มหาวิทยาลัยเกษมบัณฑิต,13.7391787,100.6277027
Chom Thong District,โรงเรียนวัดราชโอรส,13.7024659,100.4626587
Chom Thong District,โรงเรียนมัธยมวัดสิงห์,13.6843912,100.4470693
Chom Thong District,โรงเรียนวัดโพธิ์ทอง,13.6685088,100.4778084
Chom Thong District,โรงเรียนจินดาศึกษา,13.6738706,100.4555882
Chom Thong District,โรงเรียนบางมดวิทยา,13.6814687,100.4651427
Chom Thong District,Chom Thong District school 1,13.6908869,100.4557882
Rat Burana District,โรงเรียนแจงร้อนวิทยา,13.6753442,100.5189278
Rat Burana District,โรงเรียนวัดแจงร้อน,13.6750731,100.5196788
Rat Burana District,โรงเรียนบางปะกอกวิทยาคม,13.6835151,100.4945861
Rat Burana District,โรงเรียนวัดบางปะกอก,13.6820694,100.4955908
Rat Burana District,โรงเรียนขจรโรจน์วิทยา,13.6561999,100.4984712
Rat Burana District,โรงเรียนสารสาสน์สุขสวัสดิ์,13.6681842,100.4834218
Thung Khru District,โรงเรียนนาหลวง,13.648229,100.4946594
Thung Khru District,โรงเรียนวัดทุ่งครุ (พึ่งสายอนุสรณ์),13.6193012,100.5120573
Thung Khru District,โรงเรียนสารสาสน์วิเทศศึกษา (แผนก IEP),13.6051755,100.5031418
Thung Khru District,โรงเรียนสารสาสน์ประชาอุทิศพิทยาคาร,13.6056629,100.5063957
Thung Khru District,โรงเรียนบูรณะศึกษา,13.6241483,100.5016765
Thung Khru District,โรงเรียนวัดพุทธบูชา,13.6509251,100.4752534
Thung Khru District,มหาวิทยาลัยเทคโนโลยีพระจอมเกล้าธนบุรี,13.6517757,100.4938398
Khlong San District,โรงเรียนวัดทองธรรมชาติ,13.7339649,100.5064409
Khlong San District,โรงเรียนวัดเศวตฉัตร,13.713291,100.5061089
Khlong San District,โรงเรียนวัดสุทธาราม,13.7130743,100.4933895
Khlong San District,รร.อนุบาลสุวาวรรณ,13.7101016,100.4955892
Khlong San District,โรงเรียนวัดสุวรรณ,13.7242041,100.510205
Khlong San District,โรงเรียนนานาชาติอินเตอร์เนชั่นแนลไพโอเนียร์ส,13.7224705,100.5007026
Khlong San District,โรงเรียนมัธยมวัดสุทธาราม,13.7128122,100.4947648
Khlong San District,โรงเรียนวัดทองเพลง,13.7245809,100.5008434
Thon Buri District,โรงเรียนกันตทาราราม (สืบ-ลูกจันทร์ จึงประไพ),13.7177813,100.4784657
Thon Buri District,โรงเรียนวัดกัลยาณมิตร,13.740218,100.4922502
Thon Buri District,โรงเรียนวัดประยุรวงศาวาส,13.7372317,100.4946676
Thon Buri District,โรงเรียนซางตาครู้สศึกษา,13.7390315,100.4941815
Thon Buri District,โรงเรียนวัดราชวรินทร์,13.7090484,100.4924505
Thon Buri District,โรงเรียนวัดบางสะแกใน,13.7115245,100.475631
Thon Buri District,โรงเรียนมัธยมสาธิตมหาวิทยาลัยราชภัฏบ้านสมเด็จเจ้าพระยา,13.7320163,100.4885739
Thon Buri District,โรงเรียนประถมสาธิตมหาวิทยาลัยราชภัฏบ้านสมเด็จเจ้าพระยา,13.7314772,100.4872623
Thon Buri District,โรงเรียนวัดโพธินิมิตร,13.7208399,100.4847704
Thon Buri District,รร.เกื้อวิทยา,13.7097821,100.4951746
Thon Buri District,รร.อนุบาลสุวาวรรณ,13.7101016,100.4955892
Thon Buri District,โรงเรียนศึกษานารี,13.73496,100.4954676
Thon Buri District,โรงเรียนวัดบางน้ำชน,13.7042415,100.4908238
Thon Buri District,โรงเรียนวัดกัลยาณมิตร,13.7402416,100.4923092
Thon Buri District,โรงเรียนซางตาครู้สคอนแวนท์,13.7375482,100.4938734
Thon Buri District,โรงเรียนวัดประดิษฐาราม,13.7343938,100.4875759
Thon Buri District,โรงเรียนวัดอินทาราม,13.7227921,100.4825786
Thon Buri District,โรงเรียนวัดใหม่ยายนุ้ย,13.71206,100.4690401
Thon Buri District,โรงเรียนวัดขุนจันทร์,13.7197415,100.4709305
Thon Buri District,โรงเรียนธนบุรีวรเทพีพลารักษ์,13.7213061,100.4754913
Thon Buri District,โรงเรียนวัดราชคฤห์,13.7225465,100.4796256
Thon Buri District,โรงเรียนวัดเวฬุราชิณ,13.7260485,100.4861191
Thon Buri District,มหาวิทยาลัยราชภัฏบ้านสมเด็จเจ้าพระยา,13.7320474,100.4892754
Thon Buri District,มหาวิทยาลัยราชภัฏธนบุรี,13.7341079,100.4916714
Bang Bon District,โรงเรียนวัดนินสุขาราม,13.6747076,100.4045782
Bang Bon District,โรงเรียนดวงวิภา,13.6833184,100.4448794
Bang Bon District,โรงเรียนวิชัยวิทยา,13.676735,100.4354327
Bang Bon District,โรงเรียนวัดบางบอน,13.6419107,100.3798153
Bang Bon District,โรงเรียนสารสาสน์วิเทศ บางบอน,13.6607061,100.3839094
Bang Bon District,Sarasas witaed bangbon,13.660215,100.3837278
Bang Bon District,โรงเรียนเลิศหล้า ถนนกาญจนาภิเษก,13.674487,100.4077243
Bang Bon District,โรงเรียนพรหมราษฎร์รังสรรค์,13.642185,100.3962403
Bang Khun Thian District,โรงเรียนสมิทธิพงษ์,13.6621519,100.4429017
Bang Khun Thian District,โรงเรียนจารุวัฒนานุกูล,13.6618599,100.4330815
Bang Khun Thian District,โรงเรียนพรพิมพ์พระราม 2,13.6445689,100.4118684
Bang Khun Thian District,โรงเรียนวรรณสว่างจิต,13.6601966,100.4385643
Bang Khun Thian District,โรงเรียนวัดท่าข้าม,13.6522456,100.4477405
Bang Khun Thian District,โรงเรียนสุพิชญา,13.6574786,100.4220991
Bang Khun Thian District,โรงเรียนวัดบัวผัน,13.6122191,100.4767891
Bang Khun Thian District,Bang Khun Thian District school 1,13.5932046,100.4493401
Bang Khun Thian District,โรงเรียนรัตนโกสินทร์สมโภชบางขุนเทียน,13.6465568,100.4197336
Bang Khun Thian District,โรงเรียนรุ่งอรุณ,13.6579487,100.466298
Bang Khun Thian District,โรงเรียนนานาชาติเบซิส กรุงเทพฯ,13.6643684,100.4346881
Bang Khun Thian District,โรงเรียนสวนกุหลาบวิทยาลัย ธนบุรี,13.6278052,100.4712482
Bang Khun Thian District,โรงเรียนคลองพิทยาลงกรณ์,13.5276944,100.420152
Bang Khun Thian District,โรงเรียนพิทยาลงกรณ์พิทยาคม,13.5281607,100.4184611
Bang Khun Thian District,โรงเรียนทวีธาภิเศกบางขุนเทียน,13.5822135,100.4205518
Bang Khun Thian District,โรงเรียนวัดประชาบำรุง,13.569463,100.4409121
Bang Khun Thian District,โรงเรียนหมู่บ้านเกาะโพธิ์,13.5704171,100.3897922
Bang Khun Thian District,โรงเรียนนานาชาติรอยส์รอยัล,13.6312403,100.4529716
Bang Khun Thian District,โรงเรียนวัดกำแพง,13.6789721,100.4464641
Bang Khun Thian District,โรงเรียนวัดเลา,13.6660361,100.4473469
Bang Khun Thian District,โรงเรียนวัดหัวกระบือ,13.6199226,100.449533
Bang Khun Thian District,โรงเรียนวัดแสมดำ,13.591232,100.3859714
Bang Khun Thian District,โรงเรียนวัดบางกระดี่,13.5992555,100.4050897
Bang Khun Thian District,มหาวิทยาลัยเทคโนโลยีพระจอมเกล้าธนบุรี (บางขุนเทียน),13.5772693,100.4402951
Sathon District,Sathon District school 1,13.7166695,100.528994
Sathon District,โรงเรียนจิ้นเตอะ,13.7085189,100.5278196
Sathon District,โรงเรียนอัสสัมชัญ แผนกประถม,13.716308,100.5265478
Sathon District,St. Louis College,13.7171449,100.5222876
Sathon District,โรงเรียนโกศลภัทรวิทย์,13.715184,100.5173147
Sathon District,สถาบันเกอเธ่,13.7241481,100.5457573
Sathon District,โรงเรียนเซนต์หลุยส์ศึกษา,13.7183148,100.5241634
Sathon District,โรงเรียนทุ่งมหาเมฆ,13.7140841,100.5301287
Sathon District,โรงเรียนวัดสุทธิวราราม,13.7127958,100.5118748
Sathon District,โรงเรียนนานาชาติเครซเซนต์,13.7183361,100.5469772
Sathon District,โรงเรียนวัดยานนาวา,13.7166335,100.5139839
Sathon District,โรงเรียนโสตศึกษาทุ่งมหาเมฆ,13.7160149,100.5352013
Sathon District,โรงเรียนคริสต์ศาสนศาสตร์แบ๊บติสต์,13.7207497,100.5400073
Sathon District,โรงเรียนนานาชาติการ์เด้น,13.7150317,100.545867
Sathon District,โรงเรียนสตรีศรีสุริโยทัย,13.7153384,100.515834
Sathon District,โรงเรียนนิพัทธ์วิทยา,13.7133835,100.5182033
Sathon District,โรงเรียนเตรียมอุดมศึกษาพัฒนาการ ยานนาเวศ,13.7030098,100.5278403
Sathon District,โรงเรียนเบญจวรรณศึกษา,13.7035571,100.5218618
Sathon District,โรงเรียนอนุบาลเธียรประสิทธิ์ศาสตร์,13.7242644,100.5434126
Sathon District,โรงเรียนพระแม่มารี,13.7037817,100.5265504
Sathon District,Rajamangala University of Technology Krungthep,13.7139428,100.5132013
Sathon District,มหาวิทยาลัยเทคโนโลยีราชมงคลกรุงเทพ,13.7135041,100.5376935
Sathon District,มหาวิทยาลัยเทคโนโลยีราชมงคลกรุงเทพ เขตพื้นที่บพิตรพิมุข มหาเมฆ,13.7169842,100.5372646
Sathon District,มหาวิทยาลัยเทคโนโลยีราชมงคลกรุงเทพ พื้นที่พระนครใต้,13.7155817,100.5146602
Bang Kho Laem District,โรงเรียนวัดลาดบัวขาว,13.7007874,100.4972073
Bang Kho Laem District,โรงเรียนวัดจันทร์ใน,13.695358,100.5037989
Bang Kho Laem District,โรงเรียนวัดบางโคล่นอก,13.6872392,100.512289
Bang Kho Laem District,โรงเรียนนานาชาติโชรส์เบอรี กรุงเทพ,13.7098831,100.5092568
Bang Kho Laem District,โรงเรียนวัดราชสิงขร,13.7053469,100.5051945
Bang Kho Laem District,โรงเรียนเปรมฤดีศึกษา,13.6984596,100.5258117
Bang Kho Laem District,โรงเรียนวาสุเทวี,13.6995068,100.5256775
Bang Kho Laem District,โรงเรียนวัดไผ่เงินโชตนาราม,13.7013831,100.5234995
Bang Kho Laem District,โรงเรียนสารสาสน์เอกตรา,13.6966495,100.5291912
Yan Nawa District,li'lberry,13.6794384,100.5454892
Yan Nawa District,โรงเรียนประถมนนทรี,13.7128459,100.5520114
Yan Nawa District,โรงเรียนนนทรีวิทยา,13.7070942,100.5467449
Yan Nawa District,โรงเรียนวรมงคล,13.6999859,100.5333869
Yan Nawa District,โรงเรียนนานาชาติดับเบิลทรีส์ เขตพระราม 3,13.7002926,100.5343064
Yan Nawa District,โรงเรียนวัดช่องลม,13.7045223,100.5457569
Yan Nawa District,โรงเรียนนานาชาติการ์เด้น,13.7150317,100.545867
Yan Nawa District,โรงเรียนทวีวัฒนา,13.7032029,100.5364042
Yan Nawa District,โรงเรียนเซนต์ยอเซฟยานนาวา,13.7037439,100.5359589
Yan Nawa District,โรงเรียนนานาชาติคิงส์คอลเลจกรุงเทพ,13.6910538,100.5279762
Yan Nawa District,ลา เปติท อีโคล แบงค็อก,13.7137146,100.5487086
Yan Nawa District,โรงเรียนสารสาสน์พิทยา,13.6971176,100.5306857
Yan Nawa District,โรงเรียนสารสาสน์เอกตรา,13.6966495,100.5291912
Yan Nawa District,โรงเรียนวัดคลองภูมิ,13.6806936,100.548592
Yan Nawa District,โรงเรียนวัดด่าน,13.6724663,100.540733
Yan Nawa District,โรงเรียนเจ้าพระยาวิทยาคม,13.6725812,100.5353647
Yan Nawa District,โรงเรียนวัดปริวาส,13.6727973,100.5331164
Yan Nawa District,โรงเรียนวัดคลองใหม่,13.6778369,100.5439128
Yan Nawa District,โรงเรียนวัดช่องนนทรี,13.693742,100.5446311
Lat Krabang District,โรงเรียนสารสาสน์วิเทศร่มเกล้า,13.7487461,100.7427218
Lat Krabang District,โรงเรียนวัดปลูกศรัทธา,13.7270787,100.7683175
Lat Krabang District,Tippawas School Playground,13.7801899,100.8024682
Lat Krabang District,โรงเรียนวัดลาดกระบัง,13.7268735,100.752504
Lat Krabang District,โรงเรียนวัดบำรุงรื่น,13.7426112,100.7556467
Lat Krabang District,โรงเรียนเทพศิรินทร์ร่มเกล้า,13.7464503,100.7578903
Lat Krabang District,โรงเรียนยอดดวงใจ,13.7374466,100.768291
Lat Krabang District,โรงเรียนวัดขุมทอง,13.7221408,100.8517286
Lat Krabang District,โรงเรัยนขุมทอง,13.7414796,100.8530238
Lat Krabang District,โรงเรียนวัดราชโกษา,13.6994891,100.8512191
Lat Krabang District,โรงเรียนเตรียมอุดมศึกษาพัฒนาการสุวรรณภูมิ,13.7778163,100.7649129
Lat Krabang District,โรงเรียนพรตพิทยพยัต,13.7262252,100.7859318
Lat Krabang District,โรงเรียนเชิดเจิมศิลป์,13.7250051,100.7856221
Lat Krabang District,สถาบันเทคโนโลยีพระจอมเกล้าเจ้าคุณทหารลาดกระบัง,13.727908,100.7790096
Nong Chok District,โรงเรียนสุเหร่านาตับ,13.8260824,100.8162885
Nong Chok District,โรงเรียน อัลนะฮ์ฎ่อตุ้ลอิสลามียะห์,13.8841959,100.8089379
Nong Chok District,โรงเรียนลำเจดีย์,13.8782912,100.8200876
Nong Chok District,โรงเรียนวัดสามง่าม,13.8884524,100.8071391
Nong Chok District,รร.สุเหร่าคู้วิทยา,13.8517371,100.8066726
Nong Chok District,Bromsgrove international school,13.8151726,100.8097857
Nong Chok District,โรงเรียนมัธยมวัดหนองจอก,13.8536882,100.8604786
Nong Chok District,Korean International School of Bangkok,13.8625153,100.8000155
Nong Chok District,โรงเรียนวัดลำต้อยติ่ง,13.7562867,100.8884429
Nong Chok District,โรงเรียนวัดใหม่กระทุ่มล้ม,13.7805221,100.8724172
Nong Chok District,มหาวิทยาลัยเทคโนโลยีมหานคร,13.8439135,100.8562606
